Title,Price,Seller
"Seagate FireCuda 530, 500 GB, Internal Solid State Drive - M.2 PCIe Gen4 ×4 NVMe 1.4, transfer speeds up to 7300 MB/s, 3D TLC NAND, 640 TBW",£39.99,Amazon
Lurpak Slightly Salted and Lighter Spreadable 750g - Star Price (+ get 50p back in rewards),£5,Asda
Sistema Twist 'n' Sip Squeeze Kids Leakproof Water Bottle 330ml BPA-Free - (3 colours),£1.25,Asda
Events Gazebo 3.5m x 3.5m free C&C only,£39.50,Dunelm
"20% on selected Premium Beauty,including Fenty, No7 and Fragrance Free Click and collect on £15 Spend",£2,Boots
Sing 4k UHD Blu Ray (Free Collection),£88.07,CeX
"Weber Classic Kettle Charcoal Grill 47cm - Lidded Grill, Built-in Thermometer, Legs and Wheels - Black",£19.99,Amazon France
PLAYSTATION Sonic Frontiers - PS5,£10,Currys
Natural History Museum Diplodocus Plush Toy - £10 - Free Click & Collect,£230,Dunelm
Dyson Ball Animal Origin,£3,Dyson
Spider-Man Homecoming 4K UHD + Blu-ray (Used) - Free Click & Collect,£0.99,CeX
The Lean Startup: The Million Copy Bestseller Driving Entrepreneurs to Success Kindle Edition,£3.57,Amazon
"Pathfinder Player Companion: Kobolds of Golarion Paperback – Illustrated, 23 July 2013",£30,Amazon
Max Velvet Storage Ottoman - Grey click and collect,£79,Homebase
"Samsung MS28F303TFK Solo Microwave Oven with Healthy Cooking, 28L Silver",£30,eBay
Pippa Square Pouffe - Blue click and collect,£3,Homebase
100% Cotton Blue Nautical Guest Towel – Set of 2 : & Free C&C,£1.20,George (Asda)
"Helix Oxford 30cm Folding Ruler, Oxford Blue",£99,Amazon
"Lake District The Wild Boar inn stay Near Windermere With Bottle Of Prosecco, 1 Night, Plus Breakfast (Selected Dates)",£41.99,Travelzoo
DeWalt DCF887N 18V XR Brushless Impact Driver (Body Only) £41.99,£7.65,Powertoolmate
TRESemmé Protect & Perfect Gift Set styling bag with a heat-resistant panel gifts for women 3 piece,£12,Amazon
Resolva Path And Drive 3L Ready To Use Non Glypho,£450.16,Tesco
Intel SFF NUC11 Beast Canyon Core i7 11700B 650W Gold PSU,£19.99,Stuff-uk.net
6 Pack Security Lights Outdoor Motion Sensor - 144 LED Solar Powered Security Light By Guohan Limited FBA,£2.49,Amazon
Palace Langlow Powder Filler Decorators 1.5 kg (47-1),£599.99,Amazon
"Lenovo IdeaPad Gaming 3 AMD Ryzen 5 8GB RAM 512GB SSD NVIDIA RTX 3050 15.6"" IPS 120Hz Gaming Laptop","£19,298",Box.co.uk
SEAT Arona Hatchback 1.0 TSI SE 5dr - Free Solid or Metalic paint,£2.20,Nationwide Cars
Mackie's Of Scotland Ice Cream 1L - Traditional Luxury Dairy / Raspberry Ripple / Honeycomb,£29.99,Asda
Octopath Traveler II - Nintendo Switch,£23.99,Currys
Title,Price,Seller
"USB Car Adapter Cigarette Lighter USB Charger, 2 Port (USB 3.1 30W / USB 3.0 18W) USB Phone Charger",£3.99,Amazon
Meshuggah Koloss (Thrash Metal) Double Yellow vinyl album,£8.84,Amazon
Suicide Squad - 4K Ultra HD - BLU-RAY - Brand New Sealed W/ Sleeve Sold by PriceOutlet,£4.99,eBay
Wahl Cordless 13 Piece Mini Pro Trimmer + Free C&C,£7,George (Asda)
Geneva White Grained Moulded Cottage Internal Door - 1981mm x 762mm - Free Click & Collect,£30,Wickes
"Jurassic World Dominion Survival Instincts Dinosaur Toys, set of 4 Action Figures",£20.02,Amazon
Champion Men's Pullover Hoody - Various Colours (Membership Required),£12.99,Costco
Simple Joys by Carter's Toddlers and Baby Boys' Swimsuit Trunk and Rashguard Set 5 years,£7.75,Amazon
"Portwest A310 Abrasion Resistant Flexo Grip Nitrile Glove Grey/White, Large, Medium (71p - minimum order 2)",£1.42,Amazon
5L Stainless Steel Pro Deep Fryer & 2 Year Guarantee - Free Click & Collect,£25,George (Asda)
Game of Thrones: The Complete First Season (4K Blu-ray) Sold by global_deals,£4.99,eBay
The Crown - Season 1 & 2 [DVD] [2018] Dispatches and Sold by Global_DealsUK,£6.71,Amazon
"HOMCOM 8 in 1 Digital Air Fryer Oven - 12L, Rapid Air Circulation, 60-Minute Timer, 1800W - W/code",£62.89,Aosom
2 Pack - Levi Mens 100% Cotton Slim Crew Neck T-Shirts (Sizes XS-XXL) - Member Price,£15.30,Levi's
"Apple 2023 MacBook Air laptop with M2 chip: 15.3-inch Liquid Retina display, 8GB RAM, 512GB SSD storage - Midnight","£1,449.97",Amazon
Acer C22-1700 21.5in Full HD Display/ i3 - 1215U /8GB (Max 32GB)/ 256GB /BT 5.0 /Wi-Fi 6 All-in-One PC C&C,£399.99,Argos
Harry Potter The Complete Collection: 7 Book Box Set by J.K. Rowling [Paperback],£28,Amazon
"ZAGG mophie Charge Stream Global Travel Kit, Wireless Charger, Car Adapters, Wall Adapters for all World Regions",£4.08,Amazon
"Quansheng UV K5 (8) (AKA UVK6) Walkie Talkie - welcome deal, otherwise £14.44 sold by Cutesliving Store",£11.34,AliExpress
Mantaray Mens Newton Suede Chukka Boot (2 Colours / Sizes 7-11) W/Code Stack,£14.70,Debenhams
Galaxy Z Fold 3 5G - 256 GB - Phantom black (Excellent Condition) (trade in ) sold by 4gadgets,£450,Back Market
Brabantia Lift-O-Matic 60m Rotary Airer with Ground Spike + Cover (Membership Required),£69.98,Costco
Cravendale Filtered 2L - 2 for £3.50 Clubcard Price,£3.50,Tesco
"Apple MacBook Air laptop with M2 chip: 15.3-inch, 8GB RAM, 256GB SSD (Silver)","£1,269.97",Amazon
"50C645K 50"" QLED 4K Ultra HD HDR Android Smart TV (Google Assistant, Freeview Play, Dolby Atmos, Dolby Vision) Sold by Reliant Direct FBA",£379,Amazon
GROOV-E GV-SB01-BK 2.0 Portable Bluetooth Sound Bar - Black,£19.99,Currys
£80 Nandos or Pizza Express Gift Cards (Membership Required),£67.99,Costco
TOPK USB C to Lightning Cable 2-Pack 6ft/2M Nylon Fast Charging Cord (MFi Certified) w/voucher sold by TOPKDirect,£4.16,Amazon
"Vodafone 100GB 5G data sim + £96 cashback = £16pm /12m (£8pm after cashback) = £96 (after cashback, £10 TCB)",£192,e2save
F1 22 Xbox One Game or F1 22 Xbox Series X Game C&C,£14.99,Argos
